open_time,open,high,low,close,volume
1775347200000,4648.6,4651.8,4648.25,4650.49,117.0976
1775361600000,4650.48,4651.91,4648.26,4648.47,179.437
1775376000000,4648.33,4650.47,4630.05,4637.52,1028.4026
1775390400000,4637.66,4638.78,4618.53,4633.99,1000.3806
1775404800000,4633.99,4635.38,4618.32,4624.8,2833.3049
1775419200000,4624.62,4653.18,4595.0,4598.82,2824.4045
1775433600000,4599.39,4657.7,4588.55,4628.38,1797.1547
1775448000000,4628.2,4675.0,4624.48,4671.56,1141.205
1775462400000,4671.6,4692.8,4665.8,4665.8,1683.2817
1775476800000,4665.73,4681.61,4640.34,4654.01,1660.9998
1775491200000,4654.01,4657.2,4633.04,4641.05,555.7959
1775505600000,4641.06,4652.91,4634.89,4644.39,319.1993
1775520000000,4643.8,4649.93,4602.93,4634.59,874.2939
1775534400000,4634.65,4647.15,4609.98,4631.39,497.4504
1775548800000,4631.39,4678.15,4619.0,4645.69,1536.3322
1775563200000,4645.62,4655.16,4596.24,4642.56,1574.9504
1775577600000,4642.56,4702.9,4640.77,4687.39,1603.0873
1775592000000,4687.75,4812.14,4684.69,4809.74,5112.6823
1775606400000,4809.75,4834.28,4768.53,4775.83,2519.4792
1775620800000,4775.83,4819.09,4768.77,4792.68,1449.0582
1775635200000,4792.14,4798.37,4754.86,4780.16,1355.8098
1775649600000,4780.17,4789.18,4706.2,4740.12,2516.6333
1775664000000,4740.13,4747.81,4683.8,4716.2,2505.8758
1775678400000,4716.36,4720.93,4692.03,4702.52,802.05
1775692800000,4702.53,4720.28,4684.0,4698.97,1112.6951
1775707200000,4698.97,4718.27,4694.0,4712.4,469.9345
1775721600000,4712.4,4744.62,4708.72,4744.45,1393.4428
1775736000000,4744.37,4784.34,4724.81,4781.69,2080.7734
1775750400000,4781.16,4788.88,4754.9,4756.4,1071.9118
1775764800000,4756.41,4764.04,4742.9,4747.51,793.2184
1775779200000,4748.04,4759.91,4724.11,4748.94,417.9715
1775793600000,4748.94,4753.0,4727.25,4732.47,540.6549
1775808000000,4732.7,4751.46,4716.24,4751.46,464.2209
1775822400000,4751.46,4777.44,4739.96,4745.06,1368.1473
1775836800000,4745.25,4756.81,4733.29,4744.12,789.5679
1775851200000,4744.45,4747.27,4725.67,4734.0,481.8971
1775865600000,4734.0,4734.0,4726.55,4730.33,379.6322
1775880000000,4730.33,4732.96,4727.17,4732.2,100.8172
1775894400000,4732.2,4734.99,4731.0,4731.02,101.2916
1775908800000,4731.02,4740.0,4729.36,4735.68,168.0154
1775923200000,4735.67,4739.56,4727.64,4735.84,912.1953
1775937600000,4735.84,4738.47,4730.15,4731.88,184.3067
1775952000000,4731.88,4735.29,4709.66,4719.36,441.6018
1775966400000,4719.35,4719.55,4698.0,4713.09,441.7826
1775980800000,4713.08,4717.72,4700.0,4709.37,423.5541
1775995200000,4709.37,4709.48,4685.0,4691.25,422.3796
1776009600000,4691.25,4696.19,4685.01,4693.5,523.1105
1776024000000,4693.25,4694.25,4629.36,4655.92,2981.5199
1776038400000,4656.0,4707.27,4649.8,4700.0,1160.9608
1776052800000,4699.81,4719.93,4688.83,4715.4,640.7882
1776067200000,4715.41,4719.6,4687.45,4690.81,1645.8426
1776081600000,4690.57,4728.41,4682.0,4696.6,4457.8068
1776096000000,4696.74,4733.26,4692.7,4726.99,1311.3241
1776110400000,4726.98,4750.84,4721.09,4741.09,1142.3797
1776124800000,4741.09,4761.76,4735.67,4751.55,606.5997
1776139200000,4751.47,4781.35,4741.57,4762.4,664.5015
1776153600000,4762.39,4773.0,4739.99,4759.38,841.5894
1776168000000,4759.21,4800.66,4748.64,4792.68,1793.9778
1776182400000,4792.86,4839.06,4791.07,4837.41,8301.7515
1776196800000,4837.32,4840.0,4817.99,4827.05,574.4303
1776211200000,4827.31,4861.14,4809.95,4815.81,1195.6853
1776225600000,4815.81,4821.22,4796.4,4801.5,618.5983
1776240000000,4801.49,4811.75,4780.0,4805.28,1097.9811
1776254400000,4805.28,4823.0,4782.0,4794.47,1053.9181
1776268800000,4794.47,4803.19,4784.0,4787.91,291.1086
1776283200000,4787.91,4814.21,4779.44,4810.84,1579.5546
1776297600000,4810.85,4824.43,4800.4,4810.98,1186.7715
1776312000000,4810.99,4825.0,4803.87,4808.98,583.0709
1776326400000,4808.97,4810.0,4795.45,4809.99,318.5308
1776340800000,4810.0,4812.29,4766.2,4797.0,1228.4985
1776355200000,4796.83,4798.27,4769.21,4782.61,989.641
1776369600000,4782.61,4783.44,4747.2,4775.61,2860.2921
1776384000000,4775.4,4783.59,4753.34,4775.01,1638.1061
1776398400000,4775.02,4790.0,4766.02,4770.35,342.7455
1776412800000,4770.31,4793.94,4767.91,4785.1,481.8725
1776427200000,4785.3,4872.86,4783.87,4850.29,4874.7495
1776441600000,4850.32,4856.46,4835.41,4836.86,894.9763
1776456000000,4836.85,4836.85,4814.33,4820.59,490.4142
1776470400000,4820.58,4831.9,4811.35,4814.51,386.7183
1776484800000,4814.51,4817.98,4808.63,4809.02,381.8945
1776499200000,4809.02,4811.15,4792.03,4792.98,470.3798
1776513600000,4792.97,4798.07,4785.31,4792.81,334.5551
1776528000000,4792.82,4798.62,4774.79,4786.67,825.7341
1776542400000,4787.09,4791.23,4775.11,4775.26,327.6879
1776556800000,4775.26,4783.96,4766.0,4779.02,507.6174
1776571200000,4778.9,4792.46,4769.43,4781.2,327.741
1776585600000,4781.19,4785.66,4774.24,4781.51,306.966
1776600000000,4781.5,4795.56,4778.91,4791.63,376.4585
1776614400000,4791.63,4797.84,4776.72,4782.46,462.8571
1776628800000,4782.45,4782.45,4726.74,4740.0,1793.3229
1776643200000,4739.99,4795.0,4730.26,4774.26,969.8206
1776657600000,4774.26,4790.0,4761.34,4774.31,272.4383
1776672000000,4773.97,4794.73,4771.61,4794.73,231.5497
1776686400000,4794.65,4809.88,4777.9,4785.18,729.3741
1776700800000,4785.18,4805.57,4779.63,4797.54,5086.8415
1776715200000,4797.54,4815.52,4797.42,4806.48,432.4691
1776729600000,4806.48,4814.44,4778.12,4781.96,350.4648
1776744000000,4781.96,4782.55,4761.28,4772.16,552.5585
1776758400000,4772.55,4784.79,4763.96,4782.0,383.1574
1776772800000,4782.01,4784.11,4715.85,4730.87,2359.5316
1776787200000,4731.0,4736.0,4660.01,4670.68,1563.8369
1776801600000,4670.67,4730.0,4656.71,4728.0,875.9213
1776816000000,4728.6,4751.11,4724.4,4745.81,700.2647
1776830400000,4745.81,4758.99,4740.01,4748.64,542.3775
1776844800000,4748.65,4750.7,4735.34,4737.61,1200.6208
1776859200000,4737.61,4745.8,4712.79,4714.8,1570.2106
1776873600000,4714.57,4735.34,4710.0,4727.16,475.5663
1776888000000,4727.16,4732.19,4710.18,4713.8,334.6038
1776902400000,4713.8,4737.59,4681.53,4690.12,1066.4647
1776916800000,4690.12,4707.19,4679.48,4707.09,282.2075
1776931200000,4706.06,4710.68,4673.23,4707.9,338.3353
1776945600000,4707.9,4728.69,4705.46,4708.62,622.0137
1776960000000,4708.98,4723.68,4657.87,4686.12,1127.4375
1776974400000,4685.94,4692.84,4677.66,4684.89,303.9774
1776988800000,4685.1,4699.16,4660.78,4662.85,433.4012
1777003200000,4663.3,4684.2,4651.5,4683.83,509.3474
1777017600000,4683.83,4706.39,4666.73,4696.38,469.8344
1777032000000,4696.38,4726.0,4680.93,4714.31,1169.6283
1777046400000,4714.5,4717.35,4702.81,4705.08,239.978
1777060800000,4704.42,4704.83,4692.08,4696.12,170.9924
1777075200000,4696.13,4699.07,4696.12,4699.06,58.5927
1777089600000,4699.07,4700.5,4694.5,4696.59,104.2057
1777104000000,4696.6,4702.8,4696.59,4700.57,91.0499
1777118400000,4700.56,4700.57,4697.75,4697.82,75.723
1777132800000,4697.82,4697.83,4692.26,4695.01,204.306
1777147200000,4695.0,4696.06,4689.01,4689.63,122.0031
1777161600000,4689.62,4692.72,4688.03,4692.05,85.4959
1777176000000,4692.06,4694.82,4690.0,4692.21,141.5477
1777190400000,4692.2,4696.31,4692.08,4696.3,146.1134
1777204800000,4696.3,4705.11,4696.3,4701.65,148.3127
1777219200000,4701.66,4710.0,4699.48,4706.72,384.4701
1777233600000,4706.71,4709.33,4668.01,4673.25,634.6963
1777248000000,4673.24,4717.53,4665.48,4713.0,402.5697
1777262400000,4713.0,4716.97,4695.68,4700.94,448.719
1777276800000,4700.61,4701.89,4689.38,4692.96,188.5505
1777291200000,4692.96,4700.0,4658.44,4660.53,543.3406
1777305600000,4660.53,4675.8,4658.96,4672.7,387.1696
1777320000000,4672.69,4685.3,4669.56,4683.83,484.9891
1777334400000,4683.64,4690.49,4659.0,4662.58,1029.7154
1777348800000,4662.59,4662.59,4609.72,4626.46,1662.8201
1777363200000,4626.5,4628.82,4552.2,4559.51,1391.8361
1777377600000,4559.52,4594.46,4552.08,4581.57,1537.7536
1777392000000,4581.78,4596.24,4575.06,4591.0,375.1502
1777406400000,4591.4,4594.64,4582.98,4589.54,256.9675
1777420800000,4589.53,4604.08,4570.53,4588.26,408.3519
1777435200000,4588.25,4598.22,4562.89,4562.96,791.9198
1777449600000,4562.96,4573.16,4547.26,4557.56,730.226
1777464000000,4557.06,4562.44,4508.14,4542.91,1683.9629
1777478400000,4543.21,4559.41,4517.38,4543.08,769.1749
1777492800000,4542.97,4556.01,4536.61,4555.97,357.8547
1777507200000,4556.01,4576.19,4551.62,4551.92,345.5741
1777521600000,4551.64,4597.31,4535.91,4590.8,481.6212
1777536000000,4590.81,4641.49,4590.81,4622.56,863.5736
1777550400000,4623.05,4637.94,4603.12,4608.54,564.5784
1777564800000,4608.53,4620.0,4598.23,4609.21,339.9382
1777579200000,4609.08,4624.5,4609.04,4618.2,214.8984
1777593600000,4618.0,4626.05,4605.59,4617.6,200.9679
1777608000000,4617.41,4619.0,4571.42,4572.49,319.1516
1777622400000,4572.66,4576.99,4557.01,4576.54,608.0142
1777636800000,4576.53,4652.13,4572.87,4631.22,1319.8554
1777651200000,4631.65,4638.0,4600.91,4602.69,468.9721
1777665600000,4602.68,4610.29,4600.0,4603.82,152.9991
1777680000000,4603.83,4605.0,4601.19,4604.53,37.4694
1777694400000,4604.54,4604.54,4599.91,4602.0,119.926
1777708800000,4602.0,4604.26,4601.12,4602.75,137.9252
1777723200000,4602.75,4605.0,4601.69,4602.01,66.7002
1777737600000,4602.01,4602.35,4597.07,4598.62,201.1222
1777752000000,4598.63,4602.0,4595.91,4597.94,114.7794
1777766400000,4597.94,4599.5,4595.79,4599.4,116.2088
1777780800000,4599.4,4603.0,4599.39,4602.7,135.1378
1777795200000,4602.7,4612.96,4602.24,4612.2,201.3802
1777809600000,4612.2,4618.88,4612.08,4616.4,154.2315
1777824000000,4616.4,4621.77,4612.32,4620.0,207.4639
1777838400000,4620.01,4638.74,4605.18,4605.79,824.7231
1777852800000,4605.79,4611.42,4587.0,4609.8,593.8394
1777867200000,4609.6,4609.6,4573.73,4573.74,580.2514
1777881600000,4573.74,4579.92,4522.62,4556.89,1169.5192
1777896000000,4556.89,4575.69,4511.14,4519.08,1334.4535
1777910400000,4518.91,4529.08,4500.55,4515.84,1462.7339
1777924800000,4515.68,4524.24,4509.13,4516.67,785.5898
1777939200000,4516.68,4541.91,4511.65,4530.54,336.0293
1777953600000,4530.53,4552.48,4524.46,4540.88,568.9544
1777968000000,4540.89,4557.5,4534.75,4555.31,454.2804
1777982400000,4555.32,4578.25,4548.87,4560.93,970.2364
1777996800000,4560.76,4560.76,4544.79,4546.99,374.1589
1778011200000,4546.66,4585.92,4538.69,4584.31,854.8464
1778025600000,4584.31,4640.98,4578.29,4632.92,1256.1666
1778040000000,4633.01,4669.55,4633.01,4669.55,1438.7157
1778054400000,4669.55,4712.39,4661.59,4682.57,2029.528
1778068800000,4682.57,4704.66,4652.31,4676.88,1528.2177
1778083200000,4676.87,4688.28,4667.2,4680.72,427.9632
1778097600000,4681.08,4687.77,4674.7,4687.19,441.6364
1778112000000,4687.2,4708.8,4674.36,4686.96,786.8506
1778126400000,4686.96,4736.83,4681.45,4731.51,2017.6253
1778140800000,4731.5,4748.06,4710.07,4733.25,2938.4801
1778155200000,4733.26,4756.0,4717.17,4719.67,3347.6353
1778169600000,4719.66,4720.69,4681.81,4698.35,1639.3348
1778184000000,4698.25,4713.56,4674.61,4696.64,1613.0184
1778198400000,4697.0,4723.5,4687.75,4712.01,485.93
1778212800000,4711.89,4724.98,4691.25,4700.02,683.374
1778227200000,4700.68,4719.75,4699.0,4708.8,1046.9682
1778241600000,4708.45,4741.2,4695.0,4700.82,1035.7301
1778256000000,4700.82,4719.19,4699.8,4717.07,616.0388
1778270400000,4717.07,4717.69,4705.86,4706.72,666.2654
1778284800000,4706.72,4712.75,4704.97,4706.24,195.2838
1778299200000,4706.25,4709.5,4705.01,4705.88,92.2829
1778313600000,4705.89,4706.09,4703.68,4704.45,88.8785
1778328000000,4704.45,4706.1,4702.96,4704.84,145.7866
1778342400000,4704.84,4712.0,4704.83,4711.99,127.7404
1778356800000,4711.99,4716.38,4710.38,4712.54,123.7934
1778371200000,4712.54,4717.97,4707.93,4716.23,245.6258
1778385600000,4716.23,4716.35,4710.0,4710.0,95.3761
1778400000000,4710.01,4716.73,4707.45,4716.66,111.2246
1778414400000,4716.45,4722.5,4714.98,4721.93,218.726
1778428800000,4721.94,4724.5,4716.5,4717.0,324.747
1778443200000,4717.01,4717.43,4676.0,4686.76,1396.6969
1778457600000,4687.19,4699.65,4666.44,4673.82,1199.8905
1778472000000,4673.98,4675.42,4645.29,4663.94,930.4352
1778486400000,4663.95,4674.23,4648.4,4670.45,360.6674
1778500800000,4670.46,4740.19,4664.7,4723.45,3248.048
1778515200000,4723.56,4725.87,4701.11,4723.74,268.02
1778529600000,4723.75,4758.66,4718.17,4757.62,674.1649
1778544000000,4757.58,4762.5,4709.09,4710.35,741.3639
1778558400000,4710.62,4719.78,4679.0,4692.25,742.9152
1778572800000,4692.25,4701.15,4680.01,4699.98,336.0843
1778587200000,4699.81,4719.97,4638.01,4663.76,3481.27
1778601600000,4663.75,4712.99,4662.03,4712.32,778.8699
1778616000000,4712.33,4717.79,4705.1,4712.4,384.1706
1778630400000,4712.18,4721.83,4684.55,4691.94,393.4048
1778644800000,4692.16,4709.12,4690.0,4698.33,386.5364
1778659200000,4698.26,4704.3,4682.22,4694.75,378.855
1778673600000,4694.36,4696.78,4666.08,4689.42,1634.476
1778688000000,4689.42,4702.99,4669.99,4680.8,1043.7936
1778702400000,4680.8,4694.5,4678.72,4689.0,256.8265
1778716800000,4689.19,4698.33,4667.06,4668.0,269.7817
1778731200000,4668.0,4710.0,4662.86,4685.58,528.4621
1778745600000,4685.41,4698.17,4681.98,4688.64,289.144
1778760000000,4688.46,4701.87,4661.66,4680.04,645.5202
1778774400000,4680.96,4681.24,4651.07,4651.97,650.2885
1778788800000,4651.85,4661.55,4643.01,4650.74,603.4296
1778803200000,4650.41,4654.8,4605.18,4613.22,1352.619
1778817600000,4612.63,4618.08,4557.5,4573.14,1595.5659
1778832000000,4573.25,4575.43,4536.0,4556.76,1910.7035
1778846400000,4556.25,4568.42,4518.22,4544.8,1857.3892
1778860800000,4545.03,4567.56,4536.05,4552.32,302.4466
1778875200000,4552.33,4552.33,4539.13,4543.1,290.2642
1778889600000,4543.11,4545.72,4541.51,4543.83,85.5513
1778904000000,4543.84,4547.03,4526.23,4536.91,329.3719
1778918400000,4536.91,4537.78,4514.99,4526.31,2363.3234
1778932800000,4526.31,4537.5,4525.08,4535.0,224.7758
1778947200000,4535.01,4539.73,4533.63,4536.41,124.1223
1778961600000,4536.41,4539.21,4532.52,4537.0,92.4285
1778976000000,4537.01,4538.69,4530.99,4534.92,130.9272
1778990400000,4534.92,4534.92,4526.0,4531.51,99.7055
1779004800000,4531.51,4538.4,4531.5,4537.81,130.736
1779019200000,4537.81,4543.75,4536.39,4541.5,215.3954
1779033600000,4541.51,4542.27,4528.67,4530.31,184.6565
1779048000000,4530.3,4554.99,4527.3,4535.6,890.4431
1779062400000,4535.6,4544.07,4480.02,4539.91,1937.2442
1779076800000,4539.91,4555.0,4528.21,4544.11,499.6849
1779091200000,4544.12,4564.2,4528.67,4548.96,773.9299
1779105600000,4548.96,4580.0,4529.42,4540.47,1573.3943
1779120000000,4540.7,4562.47,4534.01,4556.39,489.21
1779134400000,4556.39,4584.0,4556.39,4577.41,398.3426
1779148800000,4577.42,4584.41,4541.26,4542.85,317.0308
1779163200000,4542.63,4555.55,4529.53,4553.93,394.9957
1779177600000,4553.93,4555.61,4526.17,4531.52,388.1059
1779192000000,4531.52,4546.14,4470.0,4510.99,1939.4886
1779206400000,4511.0,4514.12,4486.45,4487.24,284.2229
1779220800000,4487.23,4498.93,4482.03,4491.76,318.0062
1779235200000,4491.75,4510.16,4460.0,4469.4,1067.3868
1779249600000,4469.4,4492.58,4463.16,4481.88,570.3328
1779264000000,4481.89,4503.46,4477.73,4500.0,471.6333
1779278400000,4499.99,4550.0,4470.67,4526.82,965.1434
1779292800000,4526.85,4546.24,4522.82,4541.96,640.1494
1779307200000,4541.96,4545.49,4530.65,4541.5,235.7276
1779321600000,4541.75,4564.0,4523.33,4523.98,314.2951
1779336000000,4523.5,4533.99,4510.67,4515.69,356.268
1779350400000,4515.7,4537.49,4503.99,4510.5,525.7499
1779364800000,4510.66,4519.31,4489.01,4509.71,667.9619
1779379200000,4510.18,4553.94,4510.18,4537.56,543.281
1779393600000,4537.91,4540.61,4527.96,4529.71,156.6669
1779408000000,4529.72,4534.14,4516.24,4524.26,133.6605
1779422400000,4524.52,4529.45,4505.79,4516.86,300.6359
1779436800000,4517.03,4530.52,4508.51,4516.03,381.2082
1779451200000,4516.04,4530.99,4488.0,4516.48,584.8877
1779465600000,4516.48,4523.38,4501.99,4505.62,529.292
1779480000000,4505.62,4509.14,4498.27,4499.27,468.2326
1779494400000,4499.28,4511.08,4498.27,4508.63,148.3388
1779508800000,4508.63,4512.0,4499.61,4502.0,207.7634
1779523200000,4501.99,4504.08,4497.67,4499.75,181.5197
1779537600000,4499.76,4510.0,4498.1,4508.44,180.0578
1779552000000,4508.45,4515.8,4506.64,4515.62,192.1437
1779566400000,4515.61,4529.03,4514.59,4528.07,566.6688
1779580800000,4528.07,4545.58,4528.01,4539.24,1157.502
1779595200000,4539.24,4548.36,4538.0,4541.26,277.1215
1779609600000,4541.26,4543.95,4535.48,4535.49,321.6951
1779624000000,4535.49,4535.49,4517.0,4523.0,339.9907
1779638400000,4522.99,4527.29,4517.0,4518.47,147.7164
1779652800000,4518.48,4573.63,4517.01,4561.78,1566.7256
1779667200000,4561.79,4573.74,4551.01,4552.9,311.6301
1779681600000,4553.21,4559.84,4543.78,4558.09,367.1987
1779696000000,4558.16,4568.48,4548.05,4562.0,431.5681
1779710400000,4562.0,4567.98,4547.79,4563.33,367.9746
1779724800000,4563.33,4569.99,4557.56,4561.1,99.7865
1779739200000,4561.1,4571.0,4548.36,4551.68,290.4899
1779753600000,4551.4,4551.4,4521.21,4537.44,603.6714
1779768000000,4537.63,4538.24,4520.0,4534.11,315.7673
1779782400000,4534.05,4536.95,4503.41,4506.43,1331.2619
1779796800000,4506.54,4527.43,4500.8,4506.27,756.757
1779811200000,4506.61,4511.23,4484.71,4509.12,513.0639
1779825600000,4509.34,4527.63,4500.75,4520.62,465.6696
1779840000000,4520.36,4526.08,4501.35,4501.56,344.3693
1779854400000,4501.56,4518.2,4475.76,4479.81,939.8807
1779868800000,4479.8,4496.31,4431.25,4433.37,2150.9611
1779883200000,4433.68,4467.61,4410.5,4442.1,2029.2242
1779897600000,4442.23,4462.02,4440.85,4455.8,672.0683
1779912000000,4455.81,4466.1,4446.18,4448.64,418.9355
1779926400000,4448.63,4459.55,4375.0,4379.95,2398.0579
1779940800000,4379.94,4401.39,4374.0,4394.79,786.2777
1779955200000,4395.05,4406.84,4382.63,4391.98,516.9715
1779969600000,4391.52,4480.0,4384.61,4476.69,2838.675
1779984000000,4476.78,4507.0,4473.58,4491.24,778.7638
1779998400000,4491.24,4493.01,4482.21,4487.89,274.8455
1780012800000,4487.6,4511.03,4485.58,4494.16,1489.8252
1780027200000,4494.26,4519.72,4494.26,4519.22,500.2413
1780041600000,4519.21,4536.0,4506.85,4532.2,407.7013
1780056000000,4532.5,4584.62,4508.18,4562.55,1368.6414
1780070400000,4562.55,4564.55,4536.05,4537.74,433.2298
1780084800000,4537.73,4540.88,4526.05,4534.99,304.3929
1780099200000,4535.0,4538.72,4532.19,4532.51,275.5084
1780113600000,4532.52,4533.45,4525.0,4528.01,115.4381
1780128000000,4528.01,4534.64,4527.93,4530.03,149.542
1780142400000,4530.03,4533.5,4526.0,4527.79,109.1404
1780156800000,4528.16,4528.48,4524.38,4526.99,78.2964
1780171200000,4526.99,4527.12,4522.53,4523.42,82.4064
1780185600000,4523.43,4528.0,4521.45,4522.92,148.9583
1780200000000,4522.92,4536.24,4520.7,4534.86,170.4251
1780214400000,4534.86,4536.23,4531.01,4533.08,86.026
1780228800000,4533.09,4537.35,4529.99,4531.43,112.3236
1780243200000,4531.43,4534.72,4530.65,4531.31,93.2937
1780257600000,4531.31,4539.48,4514.72,4535.0,418.1181
1780272000000,4534.99,4540.56,4505.01,4508.94,1253.8353
1780286400000,4508.95,4517.92,4490.01,4497.67,394.1492
1780300800000,4497.68,4507.84,4487.51,4503.1,472.0108
1780315200000,4503.09,4505.68,4448.33,4474.44,1650.4525
1780329600000,4474.71,4495.15,4464.19,4480.38,431.9081
1780344000000,4480.65,4485.23,4478.0,4482.21,186.7726
1780358400000,4481.76,4495.22,4462.29,4494.76,342.649
1780372800000,4494.77,4534.99,4494.43,4529.76,1271.8578
1780387200000,4529.85,4533.0,4515.85,4521.37,448.6498
1780401600000,4521.76,4528.31,4487.19,4498.79,747.9709
1780416000000,4498.79,4499.75,4477.41,4485.1,795.8188
1780430400000,4485.1,4489.43,4456.53,4470.86,529.3722
1780444800000,4471.04,4491.2,4460.68,4478.3,356.03
1780459200000,4478.3,4481.68,4450.99,4450.99,439.3066
1780473600000,4450.99,4463.5,4437.0,4459.26,756.3189
1780488000000,4459.26,4462.76,4426.43,4438.59,656.9862
1780502400000,4438.75,4449.96,4431.07,4441.0,901.3293
1780516800000,4441.01,4459.05,4422.0,4452.41,559.9146
1780531200000,4452.45,4472.56,4438.65,4459.74,1420.7117
1780545600000,4459.65,4477.31,4454.01,4455.62,522.7946
1780560000000,4455.63,4507.44,4452.99,4505.88,646.0004
1780574400000,4505.7,4514.01,4455.0,4474.83,1207.2376
1780588800000,4474.84,4482.34,4467.61,4476.0,714.7709
1780603200000,4475.98,4476.0,4455.91,4456.21,328.4582
1780617600000,4456.21,4463.12,4425.78,4434.85,1376.6924
1780632000000,4435.5,4464.07,4422.81,4457.11,864.5187
1780646400000,4457.1,4467.06,4452.94,4462.08,506.1377
1780660800000,4462.09,4468.74,4333.24,4334.35,3203.3138
1780675200000,4334.34,4347.92,4311.44,4317.34,1068.9238
1780689600000,4317.33,4337.6,4310.59,4321.34,508.7183
1780704000000,4321.6,4333.19,4314.18,4315.0,208.8301
1780718400000,4315.01,4315.96,4292.0,4306.79,649.7097
1780732800000,4306.79,4308.86,4291.0,4298.44,503.9989
1780747200000,4298.44,4300.0,4291.12,4291.38,373.0035
1780761600000,4291.38,4298.43,4290.02,4293.63,219.1815
1780776000000,4293.63,4300.0,4290.01,4299.99,282.0667
1780790400000,4300.0,4311.45,4296.0,4307.15,340.6531
1780804800000,4307.16,4313.77,4300.63,4313.19,622.904
1780819200000,4313.19,4323.77,4307.56,4311.1,502.5259
1780833600000,4311.1,4311.1,4294.25,4304.06,921.32
1780848000000,4304.07,4312.95,4297.09,4305.3,378.8766
1780862400000,4305.28,4338.53,4302.81,4336.87,764.2276
1780876800000,4336.86,4345.78,4293.08,4310.89,748.4705
1780891200000,4310.89,4315.3,4264.1,4289.15,712.6109
1780905600000,4289.16,4325.3,4268.11,4323.75,850.7524
1780920000000,4323.74,4338.31,4310.22,4333.99,734.5838
1780934400000,4334.0,4338.14,4318.0,4320.26,347.0044
1780948800000,4319.85,4329.48,4307.42,4310.54,172.6031
1780963200000,4310.73,4333.87,4307.01,4329.11,259.995
1780977600000,4329.09,4342.77,4315.79,4318.32,506.38
1780992000000,4318.32,4333.87,4312.74,4331.66,454.3784
1781006400000,4331.6,4354.58,4258.73,4268.8,1058.8201
1781020800000,4268.58,4276.38,4231.93,4254.77,1009.9165
1781035200000,4254.77,4258.42,4208.3,4218.22,517.4065
1781049600000,4218.28,4223.88,4172.76,4184.18,1411.0327
1781064000000,4184.19,4219.83,4172.28,4185.95,536.1626
1781078400000,4185.75,4186.25,4146.23,4147.94,1178.2039
1781092800000,4147.94,4184.61,4116.06,4127.97,1469.3628
